,Max TemperatureF,Mean TemperatureF,Min TemperatureF,Max Dew PointF,MeanDew PointF,Min DewpointF,Max Humidity, Mean Humidity, Min Humidity, Max Sea Level PressureIn, Mean Sea Level PressureIn, Min Sea Level PressureIn, Max VisibilityMiles, Mean VisibilityMiles, Min VisibilityMiles, Max Wind SpeedMPH, Mean Wind SpeedMPH, Max Gust SpeedMPH, CloudCover
count,4831.0,4831.0,4831.0,3952.0,3952.0,3952.0,4831.0,4831.0,4831.0,3952.0,3952.0,3952.0,3952.0,3952.0,3952.0,4831.0,4830.0,4417.0,3952.0
mean,58.82322500517491,50.251707720968746,41.42806872283171,44.55516194331984,39.04073886639676,32.909412955465584,86.90229766093977,68.74974125439867,49.93169116125026,30.116842105263157,30.014536943319836,29.90997722672065,9.920293522267206,8.77758097165992,6.265688259109312,18.607327675429516,9.301035196687371,26.637083993660855,4.921811740890688
std,21.44846505076858,19.889591332060526,18.984437092925216,18.38280737151159,18.706991108559933,19.328630131447582,10.108663079449364,11.709266535991212,15.26745315686757,0.1970903184849966,0.20507454466663855,0.21827566688789274,0.5242517560283928,1.843503486861808,3.6917080750306592,6.184635015036145,3.6565736871325063,7.372669824124856,2.3599651570262505
min,-2.0,-9.0,-18.0,-17.0,-23.0,-27.0,43.0,31.0,6.0,29.37,29.23,29.02,2.0,1.0,0.0,7.0,1.0,0.0,0.0
25%,41.0,34.0,28.0,30.0,25.0,19.0,80.0,61.0,38.0,29.99,29.89,29.78,10.0,8.0,2.0,14.0,7.0,22.0,3.0
50%,60.0,51.0,42.0,45.0,39.0,32.0,89.0,68.0,49.0,30.11,30.015,29.92,10.0,10.0,7.0,17.0,9.0,25.0,5.0
75%,78.0,68.0,57.0,60.0,55.0,49.0,93.0,77.0,61.0,30.2425,30.14,30.05,10.0,10.0,10.0,22.0,12.0,30.0,7.0
max,103.0,93.0,82.0,79.0,75.0,73.0,100.0,100.0,96.0,30.86,30.8,30.76,10.0,10.0,10.0,125.0,27.0,79.0,8.0
